conf,totalCredits_conf,avgCredPerGame_conf,avgRank_conf,avgMargin_conf,avgRecord_conf
Notre Dame,43.21255055600779,3.601045879667316,4.0,293.0,"[np.float64(10.0), np.float64(2.0)]"
SEC,230.31982494564326,1.0310653385734376,47.875,55.8125,"[np.float64(7.81), np.float64(5.19)]"
Big Ten,248.19646731353205,0.9533207219938029,53.5,45.611111111111114,"[np.float64(7.56), np.float64(5.39)]"
UConn,8.925512091297552,0.6865778531767348,54.0,62.0,"[np.float64(9.0), np.float64(4.0)]"
Big 12,180.39343098985893,0.815578095756075,54.875,18.625,"[np.float64(7.19), np.float64(5.44)]"
ACC,137.56999329682407,0.5480216058369082,58.94117647058823,4.0588235294117645,"[np.float64(7.06), np.float64(5.82)]"
American Athletic,1.6526454144041125,-0.06590082959095984,73.78571428571429,-10.928571428571429,"[np.float64(6.93), np.float64(5.86)]"
Mountain West,-30.439404023997383,-0.2642578354759469,79.16666666666667,-15.083333333333334,"[np.float64(6.42), np.float64(6.33)]"
Sun Belt,-72.57146504381987,-0.45358514406812217,84.92857142857143,-40.92857142857143,"[np.float64(6.29), np.float64(6.57)]"
Conference USA,-98.23244088902786,-0.7015664857870397,90.25,-51.166666666666664,"[np.float64(6.0), np.float64(6.75)]"
Pac-12,-19.377922096117288,-0.8326683617459377,92.5,-70.0,"[np.float64(4.5), np.float64(8.0)]"
Mid-American,-130.96926869685635,-0.8653658566674008,93.0,-59.61538461538461,"[np.float64(5.46), np.float64(7.08)]"
